{
    "mean_accuracy": 0.6592753736749274,
    "std_accuracy": 0.23605309252820147,
    "mean_f1": 0.4825235297816331,
    "std_f1": 0.17115432566466077,
    "mean_mcc": 0.11912050810707929,
    "std_mcc": 0.2519216683939416
}