{
    "mean_accuracy": 0.678173252549731,
    "std_accuracy": 0.22056923736109013,
    "mean_f1": 0.5031109666955008,
    "std_f1": 0.171181076975632,
    "mean_mcc": 0.1733217222709123,
    "std_mcc": 0.25354410146326867
}