{
    "mean_accuracy": 0.618423551100375,
    "std_accuracy": 0.24615303626680693,
    "mean_f1": 0.4817454409666613,
    "std_f1": 0.16869958875257945,
    "mean_mcc": 0.08698260004080355,
    "std_mcc": 0.2750485601905912
}