{"slope":0.0002246888,"p_value":0.0000000045,"r_squared":0.4390601821,"trend_direction":"increasing","significance":"significant","monthly_change":0.0067406638}