{"slope":0.00024301,"p_value":0.0000000003,"r_squared":0.4850905007,"trend_direction":"increasing","significance":"significant","monthly_change":0.0072903006}