{"slope":0.0002284633,"p_value":0.0000000009,"r_squared":0.4672038527,"trend_direction":"increasing","significance":"significant","monthly_change":0.0068538977}