{"slope":0.0002274894,"p_value":0.0000000008,"r_squared":0.4695025008,"trend_direction":"increasing","significance":"significant","monthly_change":0.0068246834}