{
    "mean_accuracy": 0.6406814128948091,
    "std_accuracy": 0.22220864214310024,
    "mean_f1": 0.47148434416011603,
    "std_f1": 0.13997284390842157,
    "mean_mcc": 0.07302345754494843,
    "std_mcc": 0.22795740797991687
}